year,region_code,cluster
2008,11110,HL
2008,11140,LL
2008,11170,HL
2008,11200,NS
2008,11215,NS
2008,11230,NS
2008,11260,NS
2008,11290,NS
2008,11305,NS
2008,11320,NS
2008,11350,NS
2008,11380,NS
2008,11410,NS
2008,11440,NS
2008,11470,NS
2008,11500,NS
2008,11530,NS
2008,11545,NS
2008,11560,NS
2008,11590,NS
2008,11620,NS
2008,11650,NS
2008,11680,NS
2008,11710,NS
2008,11740,HH
2008,26110,NS
2008,26140,NS
2008,26170,NS
2008,26200,NS
2008,26230,NS
2008,26260,NS
2008,26290,NS
2008,26320,NS
2008,26350,NS
2008,26380,NS
2008,26410,NS
2008,26440,NS
2008,26470,NS
2008,26500,NS
2008,26530,NS
2008,26710,NS
2008,27110,NS
2008,27140,NS
2008,27170,NS
2008,27200,NS
2008,27230,NS
2008,27260,NS
2008,27290,NS
2008,27710,NS
2008,27720,NS
2008,28110,NS
2008,28140,NS
2008,28177,NS
2008,28185,NS
2008,28200,NS
2008,28237,NS
2008,28245,NS
2008,28260,NS
2008,28710,HH
2008,28720,NS
2008,29110,NS
2008,29140,NS
2008,29155,NS
2008,29170,HL
2008,29200,NS
2008,30110,NS
2008,30140,NS
2008,30170,NS
2008,30200,NS
2008,30230,NS
2008,31110,LH
2008,31140,NS
2008,31170,NS
2008,31200,NS
2008,31710,NS
2008,36110,NS
2008,41110,LH
2008,41130,LH
2008,41150,NS
2008,41170,NS
2008,41190,NS
2008,41210,NS
2008,41220,HH
2008,41250,NS
2008,41270,LH
2008,41280,NS
2008,41290,NS
2008,41310,NS
2008,41360,HH
2008,41370,HH
2008,41390,NS
2008,41410,NS
2008,41430,NS
2008,41450,NS
2008,41460,HH
2008,41480,NS
2008,41500,NS
2008,41550,NS
2008,41570,NS
2008,41590,NS
2008,41610,NS
2008,41630,NS
2008,41650,HH
2008,41670,NS
2008,41800,NS
2008,41820,HH
2008,41830,NS
2008,43110,NS
2008,43130,NS
2008,43150,NS
2008,43720,NS
2008,43730,NS
2008,43740,NS
2008,43745,NS
2008,43750,NS
2008,43760,NS
2008,43770,NS
2008,43800,NS
2008,44130,NS
2008,44150,LH
2008,44180,NS
2008,44200,NS
2008,44210,NS
2008,44230,NS
2008,44250,NS
2008,44270,HH
2008,44710,NS
2008,44760,NS
2008,44770,NS
2008,44790,NS
2008,44800,NS
2008,44810,NS
2008,44825,NS
2008,46110,NS
2008,46130,NS
2008,46150,NS
2008,46170,NS
2008,46230,NS
2008,46710,NS
2008,46720,LL
2008,46730,NS
2008,46770,NS
2008,46780,NS
2008,46790,LL
2008,46800,NS
2008,46810,NS
2008,46820,NS
2008,46830,NS
2008,46840,NS
2008,46860,NS
2008,46870,NS
2008,46880,NS
2008,46890,NS
2008,46900,NS
2008,46910,HH
2008,47110,NS
2008,47130,NS
2008,47150,NS
2008,47170,NS
2008,47190,NS
2008,47210,NS
2008,47230,NS
2008,47250,NS
2008,47280,NS
2008,47290,NS
2008,47730,NS
2008,47750,NS
2008,47760,NS
2008,47770,NS
2008,47820,NS
2008,47830,NS
2008,47840,NS
2008,47850,NS
2008,47900,NS
2008,47920,NS
2008,47930,NS
2008,47940,NS
2008,48110,NS
2008,48170,NS
2008,48220,NS
2008,48240,HL
2008,48250,NS
2008,48270,NS
2008,48310,NS
2008,48330,NS
2008,48720,NS
2008,48730,NS
2008,48740,NS
2008,48820,NS
2008,48840,NS
2008,48850,NS
2008,48860,NS
2008,48870,HL
2008,48880,LL
2008,48890,NS
2008,50110,NS
2008,50130,NS
2008,51110,NS
2008,51130,NS
2008,51150,NS
2008,51170,NS
2008,51190,NS
2008,51210,NS
2008,51230,NS
2008,51720,NS
2008,51730,NS
2008,51750,NS
2008,51760,NS
2008,51770,NS
2008,51780,NS
2008,51790,NS
2008,51800,NS
2008,51810,NS
2008,51820,NS
2008,51830,NS
2008,52110,NS
2008,52130,NS
2008,52140,NS
2008,52180,NS
2008,52190,LL
2008,52210,NS
2008,52710,HL
2008,52720,LL
2008,52730,LL
2008,52740,LL
2008,52750,LL
2008,52770,LL
2008,52790,NS
2008,52800,NS
2009,11110,LL
2009,11140,LL
2009,11170,NS
2009,11200,LL
2009,11215,NS
2009,11230,LL
2009,11260,LL
2009,11290,HL
2009,11305,NS
2009,11320,NS
2009,11350,NS
2009,11380,NS
2009,11410,NS
2009,11440,NS
2009,11470,NS
2009,11500,NS
2009,11530,LL
2009,11545,NS
2009,11560,LL
2009,11590,NS
2009,11620,NS
2009,11650,NS
2009,11680,NS
2009,11710,NS
2009,11740,NS
2009,26110,LL
2009,26140,LL
2009,26170,LL
2009,26200,NS
2009,26230,LL
2009,26260,LL
2009,26290,NS
2009,26320,LH
2009,26350,NS
2009,26380,LH
2009,26410,LH
2009,26440,HL
2009,26470,NS
2009,26500,NS
2009,26530,NS
2009,26710,NS
2009,27110,NS
2009,27140,NS
2009,27170,NS
2009,27200,NS
2009,27230,NS
2009,27260,NS
2009,27290,NS
2009,27710,NS
2009,27720,NS
2009,28110,NS
2009,28140,NS
2009,28177,NS
2009,28185,NS
2009,28200,NS
2009,28237,NS
2009,28245,NS
2009,28260,NS
2009,28710,LH
2009,28720,NS
2009,29110,LL
2009,29140,NS
2009,29155,NS
2009,29170,NS
2009,29200,HL
2009,30110,NS
2009,30140,NS
2009,30170,NS
2009,30200,NS
2009,30230,NS
2009,31110,NS
2009,31140,NS
2009,31170,NS
2009,31200,NS
2009,31710,NS
2009,36110,NS
2009,41110,LH
2009,41130,HH
2009,41150,NS
2009,41170,NS
2009,41190,NS
2009,41210,NS
2009,41220,HH
2009,41250,NS
2009,41270,NS
2009,41280,NS
2009,41290,NS
2009,41310,NS
2009,41360,NS
2009,41370,HH
2009,41390,NS
2009,41410,NS
2009,41430,NS
2009,41450,NS
2009,41460,HH
2009,41480,NS
2009,41500,NS
2009,41550,NS
2009,41570,NS
2009,41590,NS
2009,41610,HH
2009,41630,NS
2009,41650,NS
2009,41670,NS
2009,41800,NS
2009,41820,NS
2009,41830,NS
2009,43110,NS
2009,43130,NS
2009,43150,NS
2009,43720,NS
2009,43730,NS
2009,43740,NS
2009,43745,NS
2009,43750,NS
2009,43760,NS
2009,43770,NS
2009,43800,NS
2009,44130,NS
2009,44150,NS
2009,44180,NS
2009,44200,NS
2009,44210,NS
2009,44230,NS
2009,44250,NS
2009,44270,NS
2009,44710,NS
2009,44760,NS
2009,44770,NS
2009,44790,NS
2009,44800,NS
2009,44810,NS
2009,44825,NS
2009,46110,LH
2009,46130,NS
2009,46150,NS
2009,46170,LH
2009,46230,NS
2009,46710,LL
2009,46720,NS
2009,46730,NS
2009,46770,NS
2009,46780,NS
2009,46790,LL
2009,46800,NS
2009,46810,NS
2009,46820,NS
2009,46830,NS
2009,46840,NS
2009,46860,LH
2009,46870,NS
2009,46880,NS
2009,46890,NS
2009,46900,NS
2009,46910,LH
2009,47110,NS
2009,47130,NS
2009,47150,NS
2009,47170,NS
2009,47190,NS
2009,47210,NS
2009,47230,NS
2009,47250,NS
2009,47280,NS
2009,47290,NS
2009,47730,NS
2009,47750,NS
2009,47760,NS
2009,47770,NS
2009,47820,NS
2009,47830,NS
2009,47840,NS
2009,47850,NS
2009,47900,NS
2009,47920,NS
2009,47930,NS
2009,47940,NS
2009,48110,LH
2009,48170,NS
2009,48220,NS
2009,48240,NS
2009,48250,HH
2009,48270,NS
2009,48310,NS
2009,48330,NS
2009,48720,NS
2009,48730,NS
2009,48740,NS
2009,48820,NS
2009,48840,NS
2009,48850,NS
2009,48860,HL
2009,48870,NS
2009,48880,NS
2009,48890,NS
2009,50110,NS
2009,50130,NS
2009,51110,NS
2009,51130,NS
2009,51150,NS
2009,51170,NS
2009,51190,NS
2009,51210,NS
2009,51230,NS
2009,51720,NS
2009,51730,NS
2009,51750,NS
2009,51760,NS
2009,51770,NS
2009,51780,NS
2009,51790,NS
2009,51800,NS
2009,51810,NS
2009,51820,NS
2009,51830,NS
2009,52110,NS
2009,52130,NS
2009,52140,NS
2009,52180,NS
2009,52190,LL
2009,52210,NS
2009,52710,NS
2009,52720,NS
2009,52730,NS
2009,52740,NS
2009,52750,NS
2009,52770,LL
2009,52790,NS
2009,52800,NS
2010,11110,NS
2010,11140,LL
2010,11170,LL
2010,11200,LL
2010,11215,LL
2010,11230,LL
2010,11260,NS
2010,11290,NS
2010,11305,NS
2010,11320,NS
2010,11350,NS
2010,11380,HL
2010,11410,NS
2010,11440,LL
2010,11470,LL
2010,11500,NS
2010,11530,NS
2010,11545,NS
2010,11560,LL
2010,11590,LL
2010,11620,LL
2010,11650,NS
2010,11680,LL
2010,11710,NS
2010,11740,NS
2010,26110,LL
2010,26140,LL
2010,26170,LL
2010,26200,NS
2010,26230,LL
2010,26260,NS
2010,26290,NS
2010,26320,NS
2010,26350,LH
2010,26380,NS
2010,26410,HH
2010,26440,NS
2010,26470,NS
2010,26500,NS
2010,26530,NS
2010,26710,NS
2010,27110,NS
2010,27140,NS
2010,27170,NS
2010,27200,NS
2010,27230,NS
2010,27260,NS
2010,27290,HL
2010,27710,NS
2010,27720,NS
2010,28110,NS
2010,28140,NS
2010,28177,NS
2010,28185,NS
2010,28200,NS
2010,28237,NS
2010,28245,NS
2010,28260,NS
2010,28710,LH
2010,28720,NS
2010,29110,NS
2010,29140,NS
2010,29155,NS
2010,29170,NS
2010,29200,NS
2010,30110,NS
2010,30140,NS
2010,30170,NS
2010,30200,NS
2010,30230,NS
2010,31110,NS
2010,31140,NS
2010,31170,NS
2010,31200,NS
2010,31710,HH
2010,36110,NS
2010,41110,NS
2010,41130,NS
2010,41150,NS
2010,41170,NS
2010,41190,NS
2010,41210,HL
2010,41220,HH
2010,41250,NS
2010,41270,NS
2010,41280,LH
2010,41290,NS
2010,41310,NS
2010,41360,NS
2010,41370,NS
2010,41390,NS
2010,41410,NS
2010,41430,NS
2010,41450,NS
2010,41460,HH
2010,41480,HH
2010,41500,HH
2010,41550,NS
2010,41570,NS
2010,41590,HH
2010,41610,HH
2010,41630,NS
2010,41650,LH
2010,41670,HH
2010,41800,LH
2010,41820,NS
2010,41830,HH
2010,43110,NS
2010,43130,NS
2010,43150,NS
2010,43720,NS
2010,43730,NS
2010,43740,NS
2010,43745,NS
2010,43750,NS
2010,43760,NS
2010,43770,NS
2010,43800,NS
2010,44130,NS
2010,44150,NS
2010,44180,NS
2010,44200,NS
2010,44210,NS
2010,44230,NS
2010,44250,NS
2010,44270,NS
2010,44710,NS
2010,44760,NS
2010,44770,NS
2010,44790,NS
2010,44800,NS
2010,44810,NS
2010,44825,NS
2010,46110,NS
2010,46130,NS
2010,46150,NS
2010,46170,NS
2010,46230,NS
2010,46710,NS
2010,46720,NS
2010,46730,NS
2010,46770,NS
2010,46780,NS
2010,46790,LL
2010,46800,NS
2010,46810,NS
2010,46820,NS
2010,46830,NS
2010,46840,NS
2010,46860,NS
2010,46870,NS
2010,46880,NS
2010,46890,LL
2010,46900,LL
2010,46910,NS
2010,47110,NS
2010,47130,NS
2010,47150,NS
2010,47170,NS
2010,47190,NS
2010,47210,NS
2010,47230,NS
2010,47250,NS
2010,47280,NS
2010,47290,NS
2010,47730,NS
2010,47750,NS
2010,47760,NS
2010,47770,NS
2010,47820,NS
2010,47830,NS
2010,47840,NS
2010,47850,NS
2010,47900,NS
2010,47920,NS
2010,47930,NS
2010,47940,NS
2010,48110,NS
2010,48170,NS
2010,48220,NS
2010,48240,NS
2010,48250,NS
2010,48270,NS
2010,48310,NS
2010,48330,HH
2010,48720,NS
2010,48730,NS
2010,48740,NS
2010,48820,NS
2010,48840,NS
2010,48850,NS
2010,48860,NS
2010,48870,NS
2010,48880,NS
2010,48890,NS
2010,50110,NS
2010,50130,NS
2010,51110,NS
2010,51130,NS
2010,51150,NS
2010,51170,NS
2010,51190,NS
2010,51210,NS
2010,51230,NS
2010,51720,NS
2010,51730,NS
2010,51750,NS
2010,51760,NS
2010,51770,NS
2010,51780,NS
2010,51790,NS
2010,51800,NS
2010,51810,NS
2010,51820,NS
2010,51830,NS
2010,52110,NS
2010,52130,NS
2010,52140,NS
2010,52180,NS
2010,52190,NS
2010,52210,NS
2010,52710,NS
2010,52720,NS
2010,52730,NS
2010,52740,NS
2010,52750,NS
2010,52770,NS
2010,52790,NS
2010,52800,NS
2011,11110,LL
2011,11140,LL
2011,11170,HL
2011,11200,NS
2011,11215,LL
2011,11230,LL
2011,11260,LL
2011,11290,NS
2011,11305,NS
2011,11320,NS
2011,11350,NS
2011,11380,HL
2011,11410,NS
2011,11440,LL
2011,11470,LL
2011,11500,NS
2011,11530,NS
2011,11545,NS
2011,11560,NS
2011,11590,LL
2011,11620,LL
2011,11650,NS
2011,11680,LL
2011,11710,LL
2011,11740,NS
2011,26110,LL
2011,26140,LL
2011,26170,LL
2011,26200,NS
2011,26230,LL
2011,26260,NS
2011,26290,NS
2011,26320,NS
2011,26350,NS
2011,26380,NS
2011,26410,NS
2011,26440,HL
2011,26470,NS
2011,26500,NS
2011,26530,NS
2011,26710,NS
2011,27110,NS
2011,27140,NS
2011,27170,NS
2011,27200,NS
2011,27230,NS
2011,27260,NS
2011,27290,NS
2011,27710,NS
2011,27720,NS
2011,28110,NS
2011,28140,NS
2011,28177,LH
2011,28185,NS
2011,28200,NS
2011,28237,NS
2011,28245,LH
2011,28260,NS
2011,28710,HH
2011,28720,NS
2011,29110,NS
2011,29140,NS
2011,29155,NS
2011,29170,NS
2011,29200,NS
2011,30110,NS
2011,30140,NS
2011,30170,NS
2011,30200,NS
2011,30230,NS
2011,31110,NS
2011,31140,NS
2011,31170,NS
2011,31200,NS
2011,31710,NS
2011,36110,NS
2011,41110,NS
2011,41130,NS
2011,41150,NS
2011,41170,NS
2011,41190,NS
2011,41210,HL
2011,41220,HH
2011,41250,NS
2011,41270,NS
2011,41280,NS
2011,41290,NS
2011,41310,NS
2011,41360,NS
2011,41370,NS
2011,41390,NS
2011,41410,NS
2011,41430,NS
2011,41450,NS
2011,41460,HH
2011,41480,HH
2011,41500,HH
2011,41550,NS
2011,41570,HH
2011,41590,HH
2011,41610,NS
2011,41630,NS
2011,41650,NS
2011,41670,LH
2011,41800,NS
2011,41820,HH
2011,41830,HH
2011,43110,HH
2011,43130,NS
2011,43150,NS
2011,43720,NS
2011,43730,NS
2011,43740,NS
2011,43745,NS
2011,43750,NS
2011,43760,NS
2011,43770,NS
2011,43800,NS
2011,44130,NS
2011,44150,NS
2011,44180,NS
2011,44200,NS
2011,44210,NS
2011,44230,NS
2011,44250,NS
2011,44270,NS
2011,44710,NS
2011,44760,NS
2011,44770,NS
2011,44790,NS
2011,44800,NS
2011,44810,NS
2011,44825,NS
2011,46110,NS
2011,46130,NS
2011,46150,NS
2011,46170,NS
2011,46230,NS
2011,46710,NS
2011,46720,NS
2011,46730,NS
2011,46770,NS
2011,46780,NS
2011,46790,NS
2011,46800,NS
2011,46810,NS
2011,46820,NS
2011,46830,NS
2011,46840,HL
2011,46860,NS
2011,46870,NS
2011,46880,NS
2011,46890,NS
2011,46900,NS
2011,46910,NS
2011,47110,NS
2011,47130,NS
2011,47150,NS
2011,47170,NS
2011,47190,NS
2011,47210,NS
2011,47230,NS
2011,47250,NS
2011,47280,NS
2011,47290,NS
2011,47730,NS
2011,47750,NS
2011,47760,NS
2011,47770,NS
2011,47820,NS
2011,47830,NS
2011,47840,NS
2011,47850,NS
2011,47900,NS
2011,47920,NS
2011,47930,NS
2011,47940,NS
2011,48110,NS
2011,48170,NS
2011,48220,NS
2011,48240,LH
2011,48250,NS
2011,48270,NS
2011,48310,NS
2011,48330,NS
2011,48720,NS
2011,48730,NS
2011,48740,NS
2011,48820,NS
2011,48840,NS
2011,48850,NS
2011,48860,NS
2011,48870,NS
2011,48880,NS
2011,48890,NS
2011,50110,NS
2011,50130,NS
2011,51110,NS
2011,51130,NS
2011,51150,NS
2011,51170,NS
2011,51190,NS
2011,51210,NS
2011,51230,NS
2011,51720,NS
2011,51730,NS
2011,51750,NS
2011,51760,NS
2011,51770,NS
2011,51780,NS
2011,51790,NS
2011,51800,NS
2011,51810,NS
2011,51820,NS
2011,51830,NS
2011,52110,NS
2011,52130,NS
2011,52140,NS
2011,52180,NS
2011,52190,NS
2011,52210,NS
2011,52710,NS
2011,52720,NS
2011,52730,NS
2011,52740,NS
2011,52750,NS
2011,52770,NS
2011,52790,NS
2011,52800,NS
2012,11110,NS
2012,11140,LL
2012,11170,NS
2012,11200,LL
2012,11215,LL
2012,11230,LL
2012,11260,LL
2012,11290,LL
2012,11305,NS
2012,11320,NS
2012,11350,NS
2012,11380,NS
2012,11410,NS
2012,11440,NS
2012,11470,NS
2012,11500,NS
2012,11530,NS
2012,11545,NS
2012,11560,LL
2012,11590,HL
2012,11620,NS
2012,11650,NS
2012,11680,LL
2012,11710,LL
2012,11740,NS
2012,26110,LL
2012,26140,LL
2012,26170,LL
2012,26200,NS
2012,26230,LL
2012,26260,NS
2012,26290,NS
2012,26320,NS
2012,26350,NS
2012,26380,NS
2012,26410,NS
2012,26440,NS
2012,26470,NS
2012,26500,NS
2012,26530,NS
2012,26710,NS
2012,27110,NS
2012,27140,NS
2012,27170,NS
2012,27200,NS
2012,27230,NS
2012,27260,NS
2012,27290,NS
2012,27710,NS
2012,27720,NS
2012,28110,NS
2012,28140,LH
2012,28177,LH
2012,28185,NS
2012,28200,NS
2012,28237,NS
2012,28245,LH
2012,28260,NS
2012,28710,HH
2012,28720,NS
2012,29110,NS
2012,29140,NS
2012,29155,NS
2012,29170,NS
2012,29200,NS
2012,30110,NS
2012,30140,NS
2012,30170,NS
2012,30200,HH
2012,30230,NS
2012,31110,NS
2012,31140,NS
2012,31170,NS
2012,31200,NS
2012,31710,NS
2012,36110,NS
2012,41110,NS
2012,41130,NS
2012,41150,NS
2012,41170,NS
2012,41190,NS
2012,41210,NS
2012,41220,NS
2012,41250,NS
2012,41270,NS
2012,41280,NS
2012,41290,NS
2012,41310,NS
2012,41360,NS
2012,41370,NS
2012,41390,NS
2012,41410,NS
2012,41430,NS
2012,41450,NS
2012,41460,NS
2012,41480,HH
2012,41500,NS
2012,41550,NS
2012,41570,HH
2012,41590,NS
2012,41610,NS
2012,41630,NS
2012,41650,NS
2012,41670,NS
2012,41800,NS
2012,41820,NS
2012,41830,HH
2012,43110,HH
2012,43130,NS
2012,43150,NS
2012,43720,NS
2012,43730,NS
2012,43740,NS
2012,43745,NS
2012,43750,NS
2012,43760,NS
2012,43770,NS
2012,43800,NS
2012,44130,HH
2012,44150,LH
2012,44180,NS
2012,44200,NS
2012,44210,NS
2012,44230,NS
2012,44250,NS
2012,44270,NS
2012,44710,NS
2012,44760,NS
2012,44770,NS
2012,44790,NS
2012,44800,NS
2012,44810,NS
2012,44825,NS
2012,46110,NS
2012,46130,NS
2012,46150,NS
2012,46170,NS
2012,46230,LL
2012,46710,NS
2012,46720,NS
2012,46730,LL
2012,46770,NS
2012,46780,NS
2012,46790,NS
2012,46800,HL
2012,46810,NS
2012,46820,NS
2012,46830,NS
2012,46840,NS
2012,46860,NS
2012,46870,NS
2012,46880,NS
2012,46890,NS
2012,46900,NS
2012,46910,NS
2012,47110,NS
2012,47130,NS
2012,47150,NS
2012,47170,NS
2012,47190,NS
2012,47210,NS
2012,47230,NS
2012,47250,NS
2012,47280,NS
2012,47290,NS
2012,47730,NS
2012,47750,NS
2012,47760,NS
2012,47770,NS
2012,47820,NS
2012,47830,NS
2012,47840,NS
2012,47850,NS
2012,47900,NS
2012,47920,NS
2012,47930,NS
2012,47940,NS
2012,48110,NS
2012,48170,NS
2012,48220,NS
2012,48240,HL
2012,48250,NS
2012,48270,NS
2012,48310,NS
2012,48330,NS
2012,48720,NS
2012,48730,NS
2012,48740,NS
2012,48820,NS
2012,48840,NS
2012,48850,NS
2012,48860,NS
2012,48870,NS
2012,48880,NS
2012,48890,NS
2012,50110,NS
2012,50130,NS
2012,51110,NS
2012,51130,NS
2012,51150,NS
2012,51170,NS
2012,51190,NS
2012,51210,NS
2012,51230,NS
2012,51720,NS
2012,51730,NS
2012,51750,NS
2012,51760,NS
2012,51770,NS
2012,51780,NS
2012,51790,NS
2012,51800,NS
2012,51810,NS
2012,51820,NS
2012,51830,NS
2012,52110,NS
2012,52130,NS
2012,52140,NS
2012,52180,NS
2012,52190,NS
2012,52210,NS
2012,52710,HL
2012,52720,NS
2012,52730,NS
2012,52740,HL
2012,52750,NS
2012,52770,NS
2012,52790,NS
2012,52800,NS
2013,11110,NS
2013,11140,LL
2013,11170,LL
2013,11200,LL
2013,11215,LL
2013,11230,LL
2013,11260,LL
2013,11290,LL
2013,11305,NS
2013,11320,LL
2013,11350,NS
2013,11380,NS
2013,11410,LL
2013,11440,LL
2013,11470,LL
2013,11500,NS
2013,11530,LL
2013,11545,LL
2013,11560,LL
2013,11590,HL
2013,11620,LL
2013,11650,HL
2013,11680,NS
2013,11710,LL
2013,11740,NS
2013,26110,LL
2013,26140,LL
2013,26170,LL
2013,26200,NS
2013,26230,LL
2013,26260,LL
2013,26290,LL
2013,26320,NS
2013,26350,LH
2013,26380,NS
2013,26410,LH
2013,26440,HL
2013,26470,NS
2013,26500,NS
2013,26530,NS
2013,26710,NS
2013,27110,NS
2013,27140,NS
2013,27170,NS
2013,27200,NS
2013,27230,NS
2013,27260,NS
2013,27290,NS
2013,27710,NS
2013,27720,NS
2013,28110,NS
2013,28140,LH
2013,28177,LH
2013,28185,HH
2013,28200,NS
2013,28237,NS
2013,28245,LH
2013,28260,NS
2013,28710,HH
2013,28720,NS
2013,29110,NS
2013,29140,NS
2013,29155,NS
2013,29170,NS
2013,29200,NS
2013,30110,NS
2013,30140,NS
2013,30170,NS
2013,30200,NS
2013,30230,NS
2013,31110,NS
2013,31140,NS
2013,31170,NS
2013,31200,NS
2013,31710,LH
2013,36110,NS
2013,41110,NS
2013,41130,NS
2013,41150,NS
2013,41170,LL
2013,41190,LL
2013,41210,LL
2013,41220,NS
2013,41250,NS
2013,41270,NS
2013,41280,NS
2013,41290,NS
2013,41310,NS
2013,41360,NS
2013,41370,NS
2013,41390,LL
2013,41410,NS
2013,41430,NS
2013,41450,NS
2013,41460,NS
2013,41480,HH
2013,41500,NS
2013,41550,NS
2013,41570,NS
2013,41590,NS
2013,41610,NS
2013,41630,NS
2013,41650,NS
2013,41670,NS
2013,41800,NS
2013,41820,NS
2013,41830,NS
2013,43110,HH
2013,43130,NS
2013,43150,NS
2013,43720,NS
2013,43730,NS
2013,43740,NS
2013,43745,NS
2013,43750,NS
2013,43760,NS
2013,43770,NS
2013,43800,NS
2013,44130,HH
2013,44150,NS
2013,44180,NS
2013,44200,NS
2013,44210,NS
2013,44230,NS
2013,44250,NS
2013,44270,NS
2013,44710,NS
2013,44760,NS
2013,44770,NS
2013,44790,NS
2013,44800,NS
2013,44810,NS
2013,44825,NS
2013,46110,NS
2013,46130,NS
2013,46150,NS
2013,46170,NS
2013,46230,NS
2013,46710,NS
2013,46720,NS
2013,46730,NS
2013,46770,NS
2013,46780,NS
2013,46790,NS
2013,46800,NS
2013,46810,NS
2013,46820,NS
2013,46830,NS
2013,46840,NS
2013,46860,NS
2013,46870,NS
2013,46880,NS
2013,46890,NS
2013,46900,NS
2013,46910,HH
2013,47110,NS
2013,47130,NS
2013,47150,NS
2013,47170,NS
2013,47190,NS
2013,47210,NS
2013,47230,NS
2013,47250,NS
2013,47280,NS
2013,47290,NS
2013,47730,NS
2013,47750,NS
2013,47760,NS
2013,47770,NS
2013,47820,NS
2013,47830,NS
2013,47840,NS
2013,47850,NS
2013,47900,NS
2013,47920,NS
2013,47930,NS
2013,47940,NS
2013,48110,NS
2013,48170,NS
2013,48220,NS
2013,48240,NS
2013,48250,NS
2013,48270,NS
2013,48310,NS
2013,48330,HH
2013,48720,NS
2013,48730,NS
2013,48740,NS
2013,48820,NS
2013,48840,NS
2013,48850,NS
2013,48860,NS
2013,48870,NS
2013,48880,NS
2013,48890,NS
2013,50110,NS
2013,50130,NS
2013,51110,NS
2013,51130,NS
2013,51150,NS
2013,51170,NS
2013,51190,NS
2013,51210,NS
2013,51230,NS
2013,51720,NS
2013,51730,NS
2013,51750,NS
2013,51760,NS
2013,51770,NS
2013,51780,NS
2013,51790,NS
2013,51800,NS
2013,51810,NS
2013,51820,NS
2013,51830,NS
2013,52110,NS
2013,52130,NS
2013,52140,NS
2013,52180,NS
2013,52190,NS
2013,52210,NS
2013,52710,NS
2013,52720,NS
2013,52730,NS
2013,52740,NS
2013,52750,NS
2013,52770,NS
2013,52790,NS
2013,52800,NS
2014,11110,LL
2014,11140,LL
2014,11170,NS
2014,11200,LL
2014,11215,NS
2014,11230,LL
2014,11260,LL
2014,11290,NS
2014,11305,NS
2014,11320,NS
2014,11350,NS
2014,11380,NS
2014,11410,LL
2014,11440,NS
2014,11470,NS
2014,11500,NS
2014,11530,LL
2014,11545,LL
2014,11560,NS
2014,11590,NS
2014,11620,LL
2014,11650,NS
2014,11680,HL
2014,11710,NS
2014,11740,NS
2014,26110,LL
2014,26140,LL
2014,26170,NS
2014,26200,NS
2014,26230,LL
2014,26260,NS
2014,26290,NS
2014,26320,NS
2014,26350,NS
2014,26380,LH
2014,26410,NS
2014,26440,HL
2014,26470,NS
2014,26500,NS
2014,26530,NS
2014,26710,NS
2014,27110,HL
2014,27140,NS
2014,27170,NS
2014,27200,NS
2014,27230,NS
2014,27260,NS
2014,27290,NS
2014,27710,NS
2014,27720,NS
2014,28110,NS
2014,28140,NS
2014,28177,NS
2014,28185,NS
2014,28200,NS
2014,28237,NS
2014,28245,NS
2014,28260,NS
2014,28710,HH
2014,28720,NS
2014,29110,NS
2014,29140,NS
2014,29155,NS
2014,29170,NS
2014,29200,NS
2014,30110,NS
2014,30140,LL
2014,30170,NS
2014,30200,HH
2014,30230,NS
2014,31110,NS
2014,31140,NS
2014,31170,NS
2014,31200,NS
2014,31710,HH
2014,36110,NS
2014,41110,NS
2014,41130,NS
2014,41150,NS
2014,41170,LL
2014,41190,NS
2014,41210,LL
2014,41220,NS
2014,41250,NS
2014,41270,NS
2014,41280,NS
2014,41290,NS
2014,41310,NS
2014,41360,NS
2014,41370,NS
2014,41390,LL
2014,41410,LL
2014,41430,NS
2014,41450,NS
2014,41460,NS
2014,41480,HH
2014,41500,NS
2014,41550,NS
2014,41570,NS
2014,41590,NS
2014,41610,NS
2014,41630,NS
2014,41650,NS
2014,41670,NS
2014,41800,NS
2014,41820,HH
2014,41830,NS
2014,43110,LH
2014,43130,NS
2014,43150,NS
2014,43720,NS
2014,43730,NS
2014,43740,NS
2014,43745,NS
2014,43750,NS
2014,43760,NS
2014,43770,NS
2014,43800,NS
2014,44130,HH
2014,44150,LH
2014,44180,NS
2014,44200,NS
2014,44210,NS
2014,44230,NS
2014,44250,NS
2014,44270,NS
2014,44710,NS
2014,44760,NS
2014,44770,NS
2014,44790,NS
2014,44800,NS
2014,44810,NS
2014,44825,NS
2014,46110,NS
2014,46130,NS
2014,46150,NS
2014,46170,NS
2014,46230,NS
2014,46710,NS
2014,46720,NS
2014,46730,NS
2014,46770,NS
2014,46780,NS
2014,46790,NS
2014,46800,NS
2014,46810,NS
2014,46820,NS
2014,46830,NS
2014,46840,NS
2014,46860,NS
2014,46870,NS
2014,46880,NS
2014,46890,NS
2014,46900,NS
2014,46910,LH
2014,47110,NS
2014,47130,NS
2014,47150,NS
2014,47170,NS
2014,47190,NS
2014,47210,NS
2014,47230,NS
2014,47250,NS
2014,47280,NS
2014,47290,NS
2014,47730,NS
2014,47750,NS
2014,47760,NS
2014,47770,NS
2014,47820,NS
2014,47830,NS
2014,47840,NS
2014,47850,NS
2014,47900,NS
2014,47920,NS
2014,47930,NS
2014,47940,NS
2014,48110,LH
2014,48170,NS
2014,48220,NS
2014,48240,NS
2014,48250,HH
2014,48270,NS
2014,48310,NS
2014,48330,NS
2014,48720,NS
2014,48730,NS
2014,48740,NS
2014,48820,NS
2014,48840,NS
2014,48850,NS
2014,48860,NS
2014,48870,NS
2014,48880,NS
2014,48890,NS
2014,50110,NS
2014,50130,NS
2014,51110,NS
2014,51130,NS
2014,51150,NS
2014,51170,NS
2014,51190,NS
2014,51210,NS
2014,51230,NS
2014,51720,NS
2014,51730,NS
2014,51750,NS
2014,51760,NS
2014,51770,NS
2014,51780,NS
2014,51790,NS
2014,51800,HH
2014,51810,NS
2014,51820,NS
2014,51830,NS
2014,52110,NS
2014,52130,NS
2014,52140,NS
2014,52180,NS
2014,52190,NS
2014,52210,NS
2014,52710,NS
2014,52720,NS
2014,52730,NS
2014,52740,NS
2014,52750,NS
2014,52770,NS
2014,52790,NS
2014,52800,NS
2015,11110,NS
2015,11140,NS
2015,11170,LL
2015,11200,LL
2015,11215,LL
2015,11230,LL
2015,11260,LL
2015,11290,LL
2015,11305,NS
2015,11320,NS
2015,11350,NS
2015,11380,NS
2015,11410,NS
2015,11440,NS
2015,11470,NS
2015,11500,NS
2015,11530,LL
2015,11545,LL
2015,11560,LL
2015,11590,LL
2015,11620,LL
2015,11650,LL
2015,11680,LL
2015,11710,NS
2015,11740,NS
2015,26110,LL
2015,26140,LL
2015,26170,LL
2015,26200,NS
2015,26230,LL
2015,26260,NS
2015,26290,NS
2015,26320,NS
2015,26350,NS
2015,26380,LH
2015,26410,NS
2015,26440,NS
2015,26470,NS
2015,26500,NS
2015,26530,NS
2015,26710,NS
2015,27110,HL
2015,27140,NS
2015,27170,NS
2015,27200,NS
2015,27230,NS
2015,27260,NS
2015,27290,NS
2015,27710,NS
2015,27720,NS
2015,28110,NS
2015,28140,NS
2015,28177,NS
2015,28185,NS
2015,28200,NS
2015,28237,NS
2015,28245,NS
2015,28260,NS
2015,28710,NS
2015,28720,NS
2015,29110,NS
2015,29140,NS
2015,29155,NS
2015,29170,NS
2015,29200,NS
2015,30110,NS
2015,30140,LL
2015,30170,NS
2015,30200,HH
2015,30230,LL
2015,31110,NS
2015,31140,NS
2015,31170,NS
2015,31200,NS
2015,31710,NS
2015,36110,NS
2015,41110,NS
2015,41130,NS
2015,41150,NS
2015,41170,LL
2015,41190,NS
2015,41210,NS
2015,41220,NS
2015,41250,NS
2015,41270,NS
2015,41280,NS
2015,41290,LL
2015,41310,NS
2015,41360,NS
2015,41370,LH
2015,41390,NS
2015,41410,NS
2015,41430,NS
2015,41450,NS
2015,41460,NS
2015,41480,NS
2015,41500,NS
2015,41550,NS
2015,41570,NS
2015,41590,NS
2015,41610,HH
2015,41630,NS
2015,41650,NS
2015,41670,NS
2015,41800,NS
2015,41820,NS
2015,41830,NS
2015,43110,LH
2015,43130,NS
2015,43150,NS
2015,43720,NS
2015,43730,NS
2015,43740,NS
2015,43745,NS
2015,43750,NS
2015,43760,NS
2015,43770,NS
2015,43800,NS
2015,44130,HH
2015,44150,LH
2015,44180,NS
2015,44200,NS
2015,44210,NS
2015,44230,NS
2015,44250,NS
2015,44270,NS
2015,44710,NS
2015,44760,NS
2015,44770,NS
2015,44790,NS
2015,44800,NS
2015,44810,NS
2015,44825,NS
2015,46110,NS
2015,46130,NS
2015,46150,NS
2015,46170,NS
2015,46230,NS
2015,46710,NS
2015,46720,NS
2015,46730,NS
2015,46770,NS
2015,46780,NS
2015,46790,NS
2015,46800,HL
2015,46810,NS
2015,46820,NS
2015,46830,NS
2015,46840,NS
2015,46860,NS
2015,46870,NS
2015,46880,NS
2015,46890,NS
2015,46900,NS
2015,46910,NS
2015,47110,NS
2015,47130,NS
2015,47150,NS
2015,47170,NS
2015,47190,NS
2015,47210,NS
2015,47230,NS
2015,47250,NS
2015,47280,NS
2015,47290,NS
2015,47730,NS
2015,47750,NS
2015,47760,NS
2015,47770,NS
2015,47820,NS
2015,47830,NS
2015,47840,NS
2015,47850,NS
2015,47900,NS
2015,47920,NS
2015,47930,NS
2015,47940,NS
2015,48110,LH
2015,48170,NS
2015,48220,NS
2015,48240,NS
2015,48250,LH
2015,48270,NS
2015,48310,NS
2015,48330,NS
2015,48720,NS
2015,48730,NS
2015,48740,NS
2015,48820,NS
2015,48840,NS
2015,48850,NS
2015,48860,NS
2015,48870,NS
2015,48880,NS
2015,48890,NS
2015,50110,HH
2015,50130,NS
2015,51110,NS
2015,51130,NS
2015,51150,NS
2015,51170,NS
2015,51190,NS
2015,51210,NS
2015,51230,NS
2015,51720,NS
2015,51730,NS
2015,51750,NS
2015,51760,NS
2015,51770,NS
2015,51780,NS
2015,51790,NS
2015,51800,NS
2015,51810,NS
2015,51820,NS
2015,51830,NS
2015,52110,NS
2015,52130,NS
2015,52140,NS
2015,52180,NS
2015,52190,NS
2015,52210,NS
2015,52710,NS
2015,52720,NS
2015,52730,NS
2015,52740,NS
2015,52750,NS
2015,52770,NS
2015,52790,NS
2015,52800,NS
2016,11110,NS
2016,11140,LL
2016,11170,LL
2016,11200,HL
2016,11215,NS
2016,11230,NS
2016,11260,NS
2016,11290,NS
2016,11305,NS
2016,11320,NS
2016,11350,NS
2016,11380,NS
2016,11410,HL
2016,11440,NS
2016,11470,NS
2016,11500,NS
2016,11530,LL
2016,11545,NS
2016,11560,LL
2016,11590,LL
2016,11620,LL
2016,11650,LL
2016,11680,NS
2016,11710,LH
2016,11740,LH
2016,26110,LL
2016,26140,LL
2016,26170,LL
2016,26200,NS
2016,26230,LL
2016,26260,NS
2016,26290,LL
2016,26320,NS
2016,26350,NS
2016,26380,NS
2016,26410,NS
2016,26440,NS
2016,26470,NS
2016,26500,NS
2016,26530,NS
2016,26710,NS
2016,27110,LL
2016,27140,NS
2016,27170,NS
2016,27200,NS
2016,27230,NS
2016,27260,NS
2016,27290,NS
2016,27710,NS
2016,27720,NS
2016,28110,NS
2016,28140,NS
2016,28177,NS
2016,28185,NS
2016,28200,NS
2016,28237,NS
2016,28245,NS
2016,28260,NS
2016,28710,NS
2016,28720,NS
2016,29110,NS
2016,29140,NS
2016,29155,NS
2016,29170,NS
2016,29200,NS
2016,30110,NS
2016,30140,NS
2016,30170,NS
2016,30200,NS
2016,30230,NS
2016,31110,NS
2016,31140,NS
2016,31170,NS
2016,31200,NS
2016,31710,NS
2016,36110,NS
2016,41110,NS
2016,41130,NS
2016,41150,NS
2016,41170,LL
2016,41190,NS
2016,41210,NS
2016,41220,NS
2016,41250,NS
2016,41270,NS
2016,41280,NS
2016,41290,NS
2016,41310,HH
2016,41360,HH
2016,41370,LH
2016,41390,NS
2016,41410,NS
2016,41430,LL
2016,41450,NS
2016,41460,NS
2016,41480,NS
2016,41500,NS
2016,41550,NS
2016,41570,NS
2016,41590,NS
2016,41610,HH
2016,41630,NS
2016,41650,NS
2016,41670,NS
2016,41800,NS
2016,41820,NS
2016,41830,NS
2016,43110,LH
2016,43130,NS
2016,43150,NS
2016,43720,NS
2016,43730,NS
2016,43740,NS
2016,43745,NS
2016,43750,NS
2016,43760,NS
2016,43770,NS
2016,43800,NS
2016,44130,HH
2016,44150,LH
2016,44180,NS
2016,44200,NS
2016,44210,NS
2016,44230,NS
2016,44250,NS
2016,44270,NS
2016,44710,NS
2016,44760,NS
2016,44770,NS
2016,44790,NS
2016,44800,NS
2016,44810,NS
2016,44825,NS
2016,46110,NS
2016,46130,NS
2016,46150,NS
2016,46170,NS
2016,46230,NS
2016,46710,NS
2016,46720,NS
2016,46730,NS
2016,46770,NS
2016,46780,LL
2016,46790,NS
2016,46800,LL
2016,46810,LL
2016,46820,NS
2016,46830,NS
2016,46840,NS
2016,46860,NS
2016,46870,NS
2016,46880,NS
2016,46890,NS
2016,46900,NS
2016,46910,NS
2016,47110,NS
2016,47130,NS
2016,47150,NS
2016,47170,NS
2016,47190,NS
2016,47210,NS
2016,47230,NS
2016,47250,NS
2016,47280,NS
2016,47290,NS
2016,47730,NS
2016,47750,NS
2016,47760,NS
2016,47770,NS
2016,47820,NS
2016,47830,NS
2016,47840,NS
2016,47850,NS
2016,47900,NS
2016,47920,NS
2016,47930,NS
2016,47940,NS
2016,48110,NS
2016,48170,NS
2016,48220,NS
2016,48240,NS
2016,48250,LH
2016,48270,NS
2016,48310,NS
2016,48330,NS
2016,48720,NS
2016,48730,NS
2016,48740,NS
2016,48820,NS
2016,48840,NS
2016,48850,NS
2016,48860,NS
2016,48870,NS
2016,48880,NS
2016,48890,NS
2016,50110,HH
2016,50130,NS
2016,51110,NS
2016,51130,NS
2016,51150,NS
2016,51170,NS
2016,51190,NS
2016,51210,NS
2016,51230,NS
2016,51720,NS
2016,51730,NS
2016,51750,NS
2016,51760,NS
2016,51770,NS
2016,51780,NS
2016,51790,NS
2016,51800,NS
2016,51810,NS
2016,51820,NS
2016,51830,NS
2016,52110,NS
2016,52130,NS
2016,52140,NS
2016,52180,NS
2016,52190,NS
2016,52210,NS
2016,52710,NS
2016,52720,NS
2016,52730,NS
2016,52740,NS
2016,52750,NS
2016,52770,NS
2016,52790,NS
2016,52800,NS
2017,11110,NS
2017,11140,NS
2017,11170,NS
2017,11200,NS
2017,11215,NS
2017,11230,NS
2017,11260,NS
2017,11290,NS
2017,11305,NS
2017,11320,NS
2017,11350,NS
2017,11380,NS
2017,11410,NS
2017,11440,NS
2017,11470,NS
2017,11500,NS
2017,11530,LL
2017,11545,LL
2017,11560,LL
2017,11590,LL
2017,11620,LL
2017,11650,LL
2017,11680,NS
2017,11710,NS
2017,11740,LH
2017,26110,LL
2017,26140,NS
2017,26170,LL
2017,26200,NS
2017,26230,LL
2017,26260,NS
2017,26290,NS
2017,26320,NS
2017,26350,NS
2017,26380,NS
2017,26410,NS
2017,26440,NS
2017,26470,NS
2017,26500,NS
2017,26530,NS
2017,26710,NS
2017,27110,LL
2017,27140,NS
2017,27170,NS
2017,27200,NS
2017,27230,NS
2017,27260,NS
2017,27290,NS
2017,27710,HL
2017,27720,NS
2017,28110,NS
2017,28140,NS
2017,28177,NS
2017,28185,NS
2017,28200,NS
2017,28237,NS
2017,28245,NS
2017,28260,NS
2017,28710,HH
2017,28720,NS
2017,29110,NS
2017,29140,NS
2017,29155,NS
2017,29170,NS
2017,29200,NS
2017,30110,NS
2017,30140,LL
2017,30170,NS
2017,30200,NS
2017,30230,NS
2017,31110,NS
2017,31140,NS
2017,31170,NS
2017,31200,HL
2017,31710,NS
2017,36110,NS
2017,41110,NS
2017,41130,NS
2017,41150,NS
2017,41170,LL
2017,41190,NS
2017,41210,NS
2017,41220,HH
2017,41250,NS
2017,41270,NS
2017,41280,NS
2017,41290,LL
2017,41310,NS
2017,41360,HH
2017,41370,HH
2017,41390,NS
2017,41410,LL
2017,41430,LL
2017,41450,NS
2017,41460,HH
2017,41480,HH
2017,41500,NS
2017,41550,LH
2017,41570,NS
2017,41590,NS
2017,41610,HH
2017,41630,NS
2017,41650,NS
2017,41670,HH
2017,41800,NS
2017,41820,NS
2017,41830,NS
2017,43110,LH
2017,43130,NS
2017,43150,NS
2017,43720,NS
2017,43730,NS
2017,43740,NS
2017,43745,NS
2017,43750,NS
2017,43760,NS
2017,43770,NS
2017,43800,NS
2017,44130,HH
2017,44150,LH
2017,44180,NS
2017,44200,NS
2017,44210,NS
2017,44230,NS
2017,44250,NS
2017,44270,NS
2017,44710,NS
2017,44760,NS
2017,44770,NS
2017,44790,NS
2017,44800,NS
2017,44810,NS
2017,44825,NS
2017,46110,NS
2017,46130,NS
2017,46150,NS
2017,46170,NS
2017,46230,NS
2017,46710,NS
2017,46720,NS
2017,46730,NS
2017,46770,NS
2017,46780,NS
2017,46790,NS
2017,46800,NS
2017,46810,LL
2017,46820,NS
2017,46830,NS
2017,46840,NS
2017,46860,NS
2017,46870,NS
2017,46880,NS
2017,46890,NS
2017,46900,NS
2017,46910,NS
2017,47110,NS
2017,47130,NS
2017,47150,NS
2017,47170,NS
2017,47190,NS
2017,47210,NS
2017,47230,NS
2017,47250,NS
2017,47280,NS
2017,47290,NS
2017,47730,NS
2017,47750,NS
2017,47760,NS
2017,47770,NS
2017,47820,HH
2017,47830,NS
2017,47840,NS
2017,47850,LH
2017,47900,NS
2017,47920,NS
2017,47930,NS
2017,47940,NS
2017,48110,NS
2017,48170,NS
2017,48220,NS
2017,48240,NS
2017,48250,NS
2017,48270,NS
2017,48310,NS
2017,48330,NS
2017,48720,NS
2017,48730,NS
2017,48740,NS
2017,48820,NS
2017,48840,NS
2017,48850,NS
2017,48860,NS
2017,48870,NS
2017,48880,NS
2017,48890,NS
2017,50110,HH
2017,50130,NS
2017,51110,NS
2017,51130,NS
2017,51150,NS
2017,51170,NS
2017,51190,NS
2017,51210,NS
2017,51230,NS
2017,51720,NS
2017,51730,NS
2017,51750,NS
2017,51760,NS
2017,51770,NS
2017,51780,NS
2017,51790,NS
2017,51800,NS
2017,51810,NS
2017,51820,NS
2017,51830,NS
2017,52110,NS
2017,52130,NS
2017,52140,NS
2017,52180,NS
2017,52190,NS
2017,52210,NS
2017,52710,NS
2017,52720,NS
2017,52730,NS
2017,52740,NS
2017,52750,NS
2017,52770,NS
2017,52790,NS
2017,52800,NS
2018,11110,NS
2018,11140,NS
2018,11170,NS
2018,11200,NS
2018,11215,NS
2018,11230,NS
2018,11260,NS
2018,11290,NS
2018,11305,NS
2018,11320,NS
2018,11350,NS
2018,11380,NS
2018,11410,NS
2018,11440,NS
2018,11470,NS
2018,11500,NS
2018,11530,NS
2018,11545,NS
2018,11560,NS
2018,11590,NS
2018,11620,NS
2018,11650,NS
2018,11680,NS
2018,11710,NS
2018,11740,LH
2018,26110,NS
2018,26140,HL
2018,26170,NS
2018,26200,LL
2018,26230,NS
2018,26260,NS
2018,26290,NS
2018,26320,NS
2018,26350,NS
2018,26380,NS
2018,26410,NS
2018,26440,NS
2018,26470,NS
2018,26500,NS
2018,26530,NS
2018,26710,NS
2018,27110,NS
2018,27140,NS
2018,27170,NS
2018,27200,NS
2018,27230,NS
2018,27260,NS
2018,27290,NS
2018,27710,NS
2018,27720,NS
2018,28110,NS
2018,28140,LH
2018,28177,NS
2018,28185,NS
2018,28200,NS
2018,28237,NS
2018,28245,NS
2018,28260,NS
2018,28710,NS
2018,28720,NS
2018,29110,NS
2018,29140,NS
2018,29155,NS
2018,29170,NS
2018,29200,NS
2018,30110,NS
2018,30140,NS
2018,30170,NS
2018,30200,NS
2018,30230,NS
2018,31110,NS
2018,31140,NS
2018,31170,NS
2018,31200,HL
2018,31710,NS
2018,36110,NS
2018,41110,NS
2018,41130,LH
2018,41150,NS
2018,41170,NS
2018,41190,NS
2018,41210,NS
2018,41220,HH
2018,41250,NS
2018,41270,LH
2018,41280,NS
2018,41290,HL
2018,41310,NS
2018,41360,HH
2018,41370,HH
2018,41390,HL
2018,41410,LL
2018,41430,NS
2018,41450,NS
2018,41460,HH
2018,41480,HH
2018,41500,NS
2018,41550,HH
2018,41570,NS
2018,41590,NS
2018,41610,HH
2018,41630,NS
2018,41650,NS
2018,41670,NS
2018,41800,NS
2018,41820,NS
2018,41830,HH
2018,43110,HH
2018,43130,NS
2018,43150,NS
2018,43720,NS
2018,43730,NS
2018,43740,NS
2018,43745,NS
2018,43750,NS
2018,43760,NS
2018,43770,NS
2018,43800,NS
2018,44130,HH
2018,44150,LH
2018,44180,NS
2018,44200,NS
2018,44210,NS
2018,44230,NS
2018,44250,NS
2018,44270,NS
2018,44710,NS
2018,44760,NS
2018,44770,NS
2018,44790,NS
2018,44800,NS
2018,44810,NS
2018,44825,NS
2018,46110,NS
2018,46130,NS
2018,46150,NS
2018,46170,NS
2018,46230,NS
2018,46710,NS
2018,46720,NS
2018,46730,NS
2018,46770,NS
2018,46780,NS
2018,46790,NS
2018,46800,NS
2018,46810,NS
2018,46820,NS
2018,46830,NS
2018,46840,NS
2018,46860,NS
2018,46870,LL
2018,46880,NS
2018,46890,NS
2018,46900,NS
2018,46910,NS
2018,47110,NS
2018,47130,NS
2018,47150,NS
2018,47170,NS
2018,47190,NS
2018,47210,NS
2018,47230,NS
2018,47250,NS
2018,47280,LH
2018,47290,NS
2018,47730,NS
2018,47750,NS
2018,47760,NS
2018,47770,NS
2018,47820,NS
2018,47830,NS
2018,47840,NS
2018,47850,NS
2018,47900,NS
2018,47920,NS
2018,47930,NS
2018,47940,NS
2018,48110,NS
2018,48170,NS
2018,48220,NS
2018,48240,NS
2018,48250,NS
2018,48270,NS
2018,48310,NS
2018,48330,NS
2018,48720,NS
2018,48730,NS
2018,48740,NS
2018,48820,NS
2018,48840,NS
2018,48850,NS
2018,48860,NS
2018,48870,NS
2018,48880,NS
2018,48890,NS
2018,50110,NS
2018,50130,NS
2018,51110,NS
2018,51130,NS
2018,51150,NS
2018,51170,NS
2018,51190,NS
2018,51210,LL
2018,51230,NS
2018,51720,NS
2018,51730,NS
2018,51750,NS
2018,51760,NS
2018,51770,NS
2018,51780,LL
2018,51790,NS
2018,51800,NS
2018,51810,NS
2018,51820,NS
2018,51830,NS
2018,52110,NS
2018,52130,NS
2018,52140,NS
2018,52180,LL
2018,52190,NS
2018,52210,NS
2018,52710,NS
2018,52720,NS
2018,52730,NS
2018,52740,NS
2018,52750,NS
2018,52770,NS
2018,52790,NS
2018,52800,LL
2019,11110,NS
2019,11140,NS
2019,11170,NS
2019,11200,NS
2019,11215,NS
2019,11230,NS
2019,11260,NS
2019,11290,NS
2019,11305,NS
2019,11320,NS
2019,11350,NS
2019,11380,NS
2019,11410,NS
2019,11440,NS
2019,11470,NS
2019,11500,NS
2019,11530,NS
2019,11545,NS
2019,11560,NS
2019,11590,NS
2019,11620,NS
2019,11650,NS
2019,11680,NS
2019,11710,NS
2019,11740,HH
2019,26110,NS
2019,26140,NS
2019,26170,NS
2019,26200,NS
2019,26230,NS
2019,26260,NS
2019,26290,NS
2019,26320,NS
2019,26350,NS
2019,26380,NS
2019,26410,NS
2019,26440,NS
2019,26470,NS
2019,26500,NS
2019,26530,NS
2019,26710,NS
2019,27110,LL
2019,27140,NS
2019,27170,NS
2019,27200,NS
2019,27230,LL
2019,27260,NS
2019,27290,LL
2019,27710,NS
2019,27720,NS
2019,28110,NS
2019,28140,LH
2019,28177,LH
2019,28185,HH
2019,28200,NS
2019,28237,LL
2019,28245,NS
2019,28260,HL
2019,28710,NS
2019,28720,NS
2019,29110,NS
2019,29140,NS
2019,29155,NS
2019,29170,NS
2019,29200,NS
2019,30110,NS
2019,30140,NS
2019,30170,LL
2019,30200,NS
2019,30230,NS
2019,31110,NS
2019,31140,NS
2019,31170,NS
2019,31200,HL
2019,31710,NS
2019,36110,NS
2019,41110,LH
2019,41130,LH
2019,41150,NS
2019,41170,NS
2019,41190,NS
2019,41210,NS
2019,41220,HH
2019,41250,NS
2019,41270,LH
2019,41280,NS
2019,41290,NS
2019,41310,NS
2019,41360,NS
2019,41370,HH
2019,41390,HL
2019,41410,NS
2019,41430,NS
2019,41450,NS
2019,41460,HH
2019,41480,NS
2019,41500,NS
2019,41550,HH
2019,41570,NS
2019,41590,NS
2019,41610,HH
2019,41630,NS
2019,41650,NS
2019,41670,NS
2019,41800,NS
2019,41820,NS
2019,41830,NS
2019,43110,NS
2019,43130,NS
2019,43150,NS
2019,43720,NS
2019,43730,NS
2019,43740,NS
2019,43745,NS
2019,43750,NS
2019,43760,NS
2019,43770,NS
2019,43800,NS
2019,44130,HH
2019,44150,NS
2019,44180,NS
2019,44200,NS
2019,44210,NS
2019,44230,LL
2019,44250,NS
2019,44270,NS
2019,44710,NS
2019,44760,NS
2019,44770,NS
2019,44790,NS
2019,44800,NS
2019,44810,NS
2019,44825,NS
2019,46110,NS
2019,46130,NS
2019,46150,NS
2019,46170,NS
2019,46230,NS
2019,46710,NS
2019,46720,NS
2019,46730,NS
2019,46770,NS
2019,46780,NS
2019,46790,NS
2019,46800,NS
2019,46810,NS
2019,46820,NS
2019,46830,NS
2019,46840,NS
2019,46860,NS
2019,46870,NS
2019,46880,NS
2019,46890,NS
2019,46900,NS
2019,46910,NS
2019,47110,NS
2019,47130,HH
2019,47150,NS
2019,47170,NS
2019,47190,NS
2019,47210,NS
2019,47230,NS
2019,47250,NS
2019,47280,NS
2019,47290,NS
2019,47730,NS
2019,47750,NS
2019,47760,NS
2019,47770,NS
2019,47820,NS
2019,47830,NS
2019,47840,NS
2019,47850,NS
2019,47900,NS
2019,47920,NS
2019,47930,NS
2019,47940,NS
2019,48110,NS
2019,48170,NS
2019,48220,NS
2019,48240,NS
2019,48250,NS
2019,48270,NS
2019,48310,NS
2019,48330,NS
2019,48720,NS
2019,48730,NS
2019,48740,NS
2019,48820,NS
2019,48840,NS
2019,48850,NS
2019,48860,NS
2019,48870,NS
2019,48880,NS
2019,48890,NS
2019,50110,NS
2019,50130,NS
2019,51110,NS
2019,51130,NS
2019,51150,NS
2019,51170,NS
2019,51190,NS
2019,51210,NS
2019,51230,NS
2019,51720,NS
2019,51730,NS
2019,51750,NS
2019,51760,NS
2019,51770,NS
2019,51780,NS
2019,51790,NS
2019,51800,NS
2019,51810,NS
2019,51820,NS
2019,51830,NS
2019,52110,NS
2019,52130,NS
2019,52140,NS
2019,52180,LL
2019,52190,LL
2019,52210,NS
2019,52710,NS
2019,52720,LL
2019,52730,NS
2019,52740,NS
2019,52750,LL
2019,52770,NS
2019,52790,NS
2019,52800,NS
2020,11110,NS
2020,11140,NS
2020,11170,NS
2020,11200,NS
2020,11215,NS
2020,11230,NS
2020,11260,NS
2020,11290,NS
2020,11305,NS
2020,11320,NS
2020,11350,NS
2020,11380,NS
2020,11410,NS
2020,11440,NS
2020,11470,NS
2020,11500,NS
2020,11530,NS
2020,11545,LL
2020,11560,NS
2020,11590,NS
2020,11620,NS
2020,11650,NS
2020,11680,NS
2020,11710,LH
2020,11740,NS
2020,26110,NS
2020,26140,NS
2020,26170,NS
2020,26200,NS
2020,26230,NS
2020,26260,NS
2020,26290,NS
2020,26320,NS
2020,26350,NS
2020,26380,NS
2020,26410,NS
2020,26440,HL
2020,26470,NS
2020,26500,NS
2020,26530,NS
2020,26710,NS
2020,27110,NS
2020,27140,NS
2020,27170,NS
2020,27200,NS
2020,27230,NS
2020,27260,NS
2020,27290,NS
2020,27710,NS
2020,27720,NS
2020,28110,NS
2020,28140,NS
2020,28177,NS
2020,28185,NS
2020,28200,NS
2020,28237,NS
2020,28245,NS
2020,28260,NS
2020,28710,HH
2020,28720,NS
2020,29110,NS
2020,29140,NS
2020,29155,NS
2020,29170,NS
2020,29200,NS
2020,30110,NS
2020,30140,NS
2020,30170,NS
2020,30200,NS
2020,30230,NS
2020,31110,NS
2020,31140,NS
2020,31170,NS
2020,31200,NS
2020,31710,NS
2020,36110,NS
2020,41110,LH
2020,41130,LH
2020,41150,NS
2020,41170,NS
2020,41190,LL
2020,41210,NS
2020,41220,HH
2020,41250,NS
2020,41270,NS
2020,41280,NS
2020,41290,NS
2020,41310,LH
2020,41360,HH
2020,41370,HH
2020,41390,HL
2020,41410,NS
2020,41430,NS
2020,41450,NS
2020,41460,HH
2020,41480,HH
2020,41500,NS
2020,41550,HH
2020,41570,NS
2020,41590,NS
2020,41610,HH
2020,41630,NS
2020,41650,NS
2020,41670,NS
2020,41800,NS
2020,41820,NS
2020,41830,HH
2020,43110,NS
2020,43130,NS
2020,43150,NS
2020,43720,NS
2020,43730,NS
2020,43740,NS
2020,43745,NS
2020,43750,NS
2020,43760,NS
2020,43770,LH
2020,43800,NS
2020,44130,HH
2020,44150,NS
2020,44180,NS
2020,44200,NS
2020,44210,NS
2020,44230,NS
2020,44250,NS
2020,44270,NS
2020,44710,NS
2020,44760,NS
2020,44770,NS
2020,44790,NS
2020,44800,NS
2020,44810,NS
2020,44825,NS
2020,46110,NS
2020,46130,NS
2020,46150,HL
2020,46170,NS
2020,46230,NS
2020,46710,NS
2020,46720,NS
2020,46730,NS
2020,46770,NS
2020,46780,NS
2020,46790,NS
2020,46800,NS
2020,46810,NS
2020,46820,NS
2020,46830,NS
2020,46840,NS
2020,46860,NS
2020,46870,NS
2020,46880,NS
2020,46890,NS
2020,46900,NS
2020,46910,LH
2020,47110,NS
2020,47130,NS
2020,47150,NS
2020,47170,NS
2020,47190,NS
2020,47210,NS
2020,47230,NS
2020,47250,NS
2020,47280,NS
2020,47290,NS
2020,47730,NS
2020,47750,NS
2020,47760,NS
2020,47770,NS
2020,47820,NS
2020,47830,NS
2020,47840,NS
2020,47850,NS
2020,47900,NS
2020,47920,NS
2020,47930,LL
2020,47940,NS
2020,48110,NS
2020,48170,NS
2020,48220,NS
2020,48240,NS
2020,48250,NS
2020,48270,NS
2020,48310,NS
2020,48330,NS
2020,48720,NS
2020,48730,NS
2020,48740,NS
2020,48820,NS
2020,48840,NS
2020,48850,NS
2020,48860,NS
2020,48870,NS
2020,48880,NS
2020,48890,NS
2020,50110,NS
2020,50130,NS
2020,51110,NS
2020,51130,NS
2020,51150,NS
2020,51170,NS
2020,51190,NS
2020,51210,NS
2020,51230,NS
2020,51720,NS
2020,51730,NS
2020,51750,NS
2020,51760,NS
2020,51770,NS
2020,51780,NS
2020,51790,NS
2020,51800,NS
2020,51810,NS
2020,51820,NS
2020,51830,NS
2020,52110,NS
2020,52130,NS
2020,52140,NS
2020,52180,LL
2020,52190,HL
2020,52210,NS
2020,52710,LL
2020,52720,NS
2020,52730,NS
2020,52740,NS
2020,52750,NS
2020,52770,LL
2020,52790,NS
2020,52800,NS
2021,11110,LL
2021,11140,LL
2021,11170,LL
2021,11200,LL
2021,11215,LL
2021,11230,LL
2021,11260,LL
2021,11290,LL
2021,11305,NS
2021,11320,NS
2021,11350,NS
2021,11380,NS
2021,11410,NS
2021,11440,NS
2021,11470,NS
2021,11500,NS
2021,11530,NS
2021,11545,HL
2021,11560,LL
2021,11590,LL
2021,11620,NS
2021,11650,LH
2021,11680,LL
2021,11710,NS
2021,11740,NS
2021,26110,NS
2021,26140,NS
2021,26170,NS
2021,26200,NS
2021,26230,NS
2021,26260,NS
2021,26290,NS
2021,26320,NS
2021,26350,NS
2021,26380,NS
2021,26410,NS
2021,26440,NS
2021,26470,NS
2021,26500,NS
2021,26530,NS
2021,26710,NS
2021,27110,LL
2021,27140,NS
2021,27170,NS
2021,27200,NS
2021,27230,NS
2021,27260,NS
2021,27290,LL
2021,27710,NS
2021,27720,NS
2021,28110,NS
2021,28140,LH
2021,28177,NS
2021,28185,NS
2021,28200,NS
2021,28237,NS
2021,28245,NS
2021,28260,NS
2021,28710,NS
2021,28720,NS
2021,29110,NS
2021,29140,NS
2021,29155,NS
2021,29170,NS
2021,29200,NS
2021,30110,NS
2021,30140,NS
2021,30170,NS
2021,30200,NS
2021,30230,NS
2021,31110,NS
2021,31140,NS
2021,31170,NS
2021,31200,LL
2021,31710,NS
2021,36110,NS
2021,41110,NS
2021,41130,LH
2021,41150,NS
2021,41170,LH
2021,41190,NS
2021,41210,NS
2021,41220,HH
2021,41250,NS
2021,41270,NS
2021,41280,NS
2021,41290,HL
2021,41310,LH
2021,41360,HH
2021,41370,HH
2021,41390,NS
2021,41410,NS
2021,41430,LH
2021,41450,NS
2021,41460,HH
2021,41480,NS
2021,41500,NS
2021,41550,HH
2021,41570,HH
2021,41590,NS
2021,41610,HH
2021,41630,NS
2021,41650,NS
2021,41670,HH
2021,41800,LH
2021,41820,NS
2021,41830,HH
2021,43110,NS
2021,43130,NS
2021,43150,NS
2021,43720,NS
2021,43730,NS
2021,43740,NS
2021,43745,NS
2021,43750,NS
2021,43760,NS
2021,43770,NS
2021,43800,NS
2021,44130,LH
2021,44150,NS
2021,44180,NS
2021,44200,NS
2021,44210,NS
2021,44230,NS
2021,44250,NS
2021,44270,NS
2021,44710,NS
2021,44760,NS
2021,44770,NS
2021,44790,NS
2021,44800,NS
2021,44810,NS
2021,44825,NS
2021,46110,LH
2021,46130,NS
2021,46150,NS
2021,46170,NS
2021,46230,NS
2021,46710,NS
2021,46720,NS
2021,46730,NS
2021,46770,NS
2021,46780,NS
2021,46790,NS
2021,46800,NS
2021,46810,NS
2021,46820,LL
2021,46830,NS
2021,46840,NS
2021,46860,NS
2021,46870,NS
2021,46880,NS
2021,46890,NS
2021,46900,NS
2021,46910,LH
2021,47110,NS
2021,47130,NS
2021,47150,NS
2021,47170,NS
2021,47190,NS
2021,47210,NS
2021,47230,NS
2021,47250,NS
2021,47280,NS
2021,47290,NS
2021,47730,NS
2021,47750,NS
2021,47760,NS
2021,47770,NS
2021,47820,NS
2021,47830,NS
2021,47840,NS
2021,47850,NS
2021,47900,NS
2021,47920,NS
2021,47930,NS
2021,47940,NS
2021,48110,NS
2021,48170,NS
2021,48220,NS
2021,48240,NS
2021,48250,NS
2021,48270,NS
2021,48310,NS
2021,48330,NS
2021,48720,NS
2021,48730,NS
2021,48740,NS
2021,48820,NS
2021,48840,NS
2021,48850,NS
2021,48860,NS
2021,48870,NS
2021,48880,NS
2021,48890,NS
2021,50110,NS
2021,50130,NS
2021,51110,NS
2021,51130,NS
2021,51150,NS
2021,51170,NS
2021,51190,NS
2021,51210,HH
2021,51230,NS
2021,51720,LH
2021,51730,NS
2021,51750,NS
2021,51760,NS
2021,51770,NS
2021,51780,NS
2021,51790,NS
2021,51800,NS
2021,51810,NS
2021,51820,NS
2021,51830,NS
2021,52110,NS
2021,52130,NS
2021,52140,NS
2021,52180,NS
2021,52190,NS
2021,52210,NS
2021,52710,NS
2021,52720,NS
2021,52730,NS
2021,52740,NS
2021,52750,NS
2021,52770,NS
2021,52790,NS
2021,52800,NS
2022,11110,NS
2022,11140,NS
2022,11170,LL
2022,11200,NS
2022,11215,NS
2022,11230,NS
2022,11260,NS
2022,11290,NS
2022,11305,NS
2022,11320,NS
2022,11350,NS
2022,11380,NS
2022,11410,NS
2022,11440,NS
2022,11470,NS
2022,11500,LL
2022,11530,LL
2022,11545,NS
2022,11560,NS
2022,11590,NS
2022,11620,NS
2022,11650,NS
2022,11680,NS
2022,11710,NS
2022,11740,NS
2022,26110,NS
2022,26140,NS
2022,26170,NS
2022,26200,NS
2022,26230,NS
2022,26260,HL
2022,26290,NS
2022,26320,NS
2022,26350,NS
2022,26380,NS
2022,26410,NS
2022,26440,LL
2022,26470,NS
2022,26500,NS
2022,26530,NS
2022,26710,HL
2022,27110,HL
2022,27140,LH
2022,27170,NS
2022,27200,NS
2022,27230,NS
2022,27260,LH
2022,27290,NS
2022,27710,NS
2022,27720,NS
2022,28110,HL
2022,28140,LH
2022,28177,NS
2022,28185,NS
2022,28200,NS
2022,28237,NS
2022,28245,NS
2022,28260,HL
2022,28710,NS
2022,28720,NS
2022,29110,NS
2022,29140,NS
2022,29155,NS
2022,29170,NS
2022,29200,NS
2022,30110,NS
2022,30140,NS
2022,30170,NS
2022,30200,NS
2022,30230,NS
2022,31110,NS
2022,31140,LL
2022,31170,NS
2022,31200,LL
2022,31710,NS
2022,36110,NS
2022,41110,NS
2022,41130,NS
2022,41150,NS
2022,41170,NS
2022,41190,LL
2022,41210,NS
2022,41220,NS
2022,41250,NS
2022,41270,NS
2022,41280,NS
2022,41290,NS
2022,41310,NS
2022,41360,NS
2022,41370,LH
2022,41390,HL
2022,41410,LL
2022,41430,NS
2022,41450,NS
2022,41460,NS
2022,41480,NS
2022,41500,NS
2022,41550,NS
2022,41570,LH
2022,41590,NS
2022,41610,NS
2022,41630,NS
2022,41650,NS
2022,41670,NS
2022,41800,NS
2022,41820,NS
2022,41830,NS
2022,43110,NS
2022,43130,NS
2022,43150,NS
2022,43720,NS
2022,43730,NS
2022,43740,NS
2022,43745,NS
2022,43750,NS
2022,43760,NS
2022,43770,NS
2022,43800,NS
2022,44130,LH
2022,44150,HH
2022,44180,NS
2022,44200,NS
2022,44210,NS
2022,44230,NS
2022,44250,NS
2022,44270,HH
2022,44710,NS
2022,44760,NS
2022,44770,NS
2022,44790,NS
2022,44800,NS
2022,44810,NS
2022,44825,NS
2022,46110,NS
2022,46130,NS
2022,46150,NS
2022,46170,NS
2022,46230,NS
2022,46710,NS
2022,46720,NS
2022,46730,NS
2022,46770,NS
2022,46780,NS
2022,46790,NS
2022,46800,NS
2022,46810,NS
2022,46820,NS
2022,46830,NS
2022,46840,NS
2022,46860,NS
2022,46870,NS
2022,46880,NS
2022,46890,NS
2022,46900,NS
2022,46910,NS
2022,47110,NS
2022,47130,NS
2022,47150,NS
2022,47170,NS
2022,47190,NS
2022,47210,NS
2022,47230,NS
2022,47250,NS
2022,47280,NS
2022,47290,NS
2022,47730,NS
2022,47750,NS
2022,47760,NS
2022,47770,NS
2022,47820,NS
2022,47830,NS
2022,47840,NS
2022,47850,NS
2022,47900,NS
2022,47920,NS
2022,47930,NS
2022,47940,NS
2022,48110,NS
2022,48170,NS
2022,48220,NS
2022,48240,NS
2022,48250,NS
2022,48270,NS
2022,48310,NS
2022,48330,NS
2022,48720,NS
2022,48730,NS
2022,48740,NS
2022,48820,NS
2022,48840,NS
2022,48850,NS
2022,48860,NS
2022,48870,NS
2022,48880,NS
2022,48890,NS
2022,50110,NS
2022,50130,NS
2022,51110,NS
2022,51130,NS
2022,51150,NS
2022,51170,NS
2022,51190,NS
2022,51210,NS
2022,51230,HL
2022,51720,NS
2022,51730,NS
2022,51750,NS
2022,51760,NS
2022,51770,NS
2022,51780,LL
2022,51790,NS
2022,51800,NS
2022,51810,NS
2022,51820,NS
2022,51830,NS
2022,52110,NS
2022,52130,NS
2022,52140,NS
2022,52180,NS
2022,52190,NS
2022,52210,NS
2022,52710,NS
2022,52720,NS
2022,52730,NS
2022,52740,NS
2022,52750,NS
2022,52770,NS
2022,52790,NS
2022,52800,NS
2023,11110,NS
2023,11140,NS
2023,11170,NS
2023,11200,NS
2023,11215,NS
2023,11230,NS
2023,11260,NS
2023,11290,NS
2023,11305,NS
2023,11320,LH
2023,11350,LL
2023,11380,NS
2023,11410,NS
2023,11440,NS
2023,11470,NS
2023,11500,LL
2023,11530,LL
2023,11545,LL
2023,11560,LL
2023,11590,NS
2023,11620,NS
2023,11650,NS
2023,11680,NS
2023,11710,NS
2023,11740,NS
2023,26110,NS
2023,26140,NS
2023,26170,NS
2023,26200,LL
2023,26230,NS
2023,26260,NS
2023,26290,NS
2023,26320,NS
2023,26350,NS
2023,26380,NS
2023,26410,NS
2023,26440,NS
2023,26470,NS
2023,26500,NS
2023,26530,NS
2023,26710,HL
2023,27110,NS
2023,27140,NS
2023,27170,NS
2023,27200,LH
2023,27230,LH
2023,27260,LH
2023,27290,LH
2023,27710,NS
2023,27720,NS
2023,28110,NS
2023,28140,HH
2023,28177,HH
2023,28185,NS
2023,28200,NS
2023,28237,NS
2023,28245,NS
2023,28260,NS
2023,28710,NS
2023,28720,NS
2023,29110,NS
2023,29140,NS
2023,29155,NS
2023,29170,NS
2023,29200,NS
2023,30110,NS
2023,30140,NS
2023,30170,NS
2023,30200,NS
2023,30230,NS
2023,31110,HL
2023,31140,NS
2023,31170,NS
2023,31200,NS
2023,31710,NS
2023,36110,NS
2023,41110,NS
2023,41130,NS
2023,41150,NS
2023,41170,NS
2023,41190,LL
2023,41210,NS
2023,41220,NS
2023,41250,LH
2023,41270,NS
2023,41280,NS
2023,41290,NS
2023,41310,NS
2023,41360,NS
2023,41370,LH
2023,41390,HL
2023,41410,LL
2023,41430,NS
2023,41450,NS
2023,41460,NS
2023,41480,HH
2023,41500,NS
2023,41550,NS
2023,41570,NS
2023,41590,NS
2023,41610,NS
2023,41630,HL
2023,41650,NS
2023,41670,NS
2023,41800,NS
2023,41820,NS
2023,41830,NS
2023,43110,NS
2023,43130,NS
2023,43150,NS
2023,43720,NS
2023,43730,NS
2023,43740,NS
2023,43745,NS
2023,43750,NS
2023,43760,NS
2023,43770,NS
2023,43800,NS
2023,44130,NS
2023,44150,HH
2023,44180,NS
2023,44200,NS
2023,44210,NS
2023,44230,LH
2023,44250,NS
2023,44270,HH
2023,44710,NS
2023,44760,NS
2023,44770,NS
2023,44790,NS
2023,44800,NS
2023,44810,NS
2023,44825,NS
2023,46110,NS
2023,46130,NS
2023,46150,NS
2023,46170,NS
2023,46230,NS
2023,46710,NS
2023,46720,NS
2023,46730,NS
2023,46770,NS
2023,46780,NS
2023,46790,NS
2023,46800,NS
2023,46810,NS
2023,46820,NS
2023,46830,NS
2023,46840,NS
2023,46860,NS
2023,46870,NS
2023,46880,NS
2023,46890,NS
2023,46900,NS
2023,46910,NS
2023,47110,NS
2023,47130,NS
2023,47150,NS
2023,47170,NS
2023,47190,NS
2023,47210,NS
2023,47230,NS
2023,47250,NS
2023,47280,NS
2023,47290,NS
2023,47730,NS
2023,47750,NS
2023,47760,NS
2023,47770,NS
2023,47820,NS
2023,47830,NS
2023,47840,NS
2023,47850,NS
2023,47900,NS
2023,47920,NS
2023,47930,NS
2023,47940,NS
2023,48110,NS
2023,48170,NS
2023,48220,NS
2023,48240,NS
2023,48250,NS
2023,48270,NS
2023,48310,NS
2023,48330,NS
2023,48720,NS
2023,48730,NS
2023,48740,NS
2023,48820,NS
2023,48840,NS
2023,48850,NS
2023,48860,NS
2023,48870,NS
2023,48880,NS
2023,48890,NS
2023,50110,NS
2023,50130,NS
2023,51110,NS
2023,51130,NS
2023,51150,NS
2023,51170,NS
2023,51190,NS
2023,51210,NS
2023,51230,NS
2023,51720,NS
2023,51730,NS
2023,51750,NS
2023,51760,NS
2023,51770,NS
2023,51780,LL
2023,51790,NS
2023,51800,NS
2023,51810,NS
2023,51820,NS
2023,51830,NS
2023,52110,LH
2023,52130,NS
2023,52140,NS
2023,52180,NS
2023,52190,NS
2023,52210,NS
2023,52710,NS
2023,52720,NS
2023,52730,NS
2023,52740,NS
2023,52750,NS
2023,52770,NS
2023,52790,NS
2023,52800,NS
2024,11110,NS
2024,11140,LL
2024,11170,NS
2024,11200,NS
2024,11215,NS
2024,11230,NS
2024,11260,NS
2024,11290,NS
2024,11305,NS
2024,11320,NS
2024,11350,NS
2024,11380,NS
2024,11410,NS
2024,11440,LL
2024,11470,NS
2024,11500,NS
2024,11530,NS
2024,11545,NS
2024,11560,LL
2024,11590,LL
2024,11620,NS
2024,11650,NS
2024,11680,HL
2024,11710,NS
2024,11740,NS
2024,26110,NS
2024,26140,HL
2024,26170,NS
2024,26200,LL
2024,26230,NS
2024,26260,NS
2024,26290,NS
2024,26320,NS
2024,26350,NS
2024,26380,NS
2024,26410,NS
2024,26440,HL
2024,26470,NS
2024,26500,NS
2024,26530,NS
2024,26710,NS
2024,27110,NS
2024,27140,NS
2024,27170,NS
2024,27200,LH
2024,27230,NS
2024,27260,HH
2024,27290,LH
2024,27710,NS
2024,27720,NS
2024,28110,NS
2024,28140,LH
2024,28177,NS
2024,28185,HH
2024,28200,NS
2024,28237,NS
2024,28245,NS
2024,28260,NS
2024,28710,NS
2024,28720,NS
2024,29110,NS
2024,29140,NS
2024,29155,NS
2024,29170,NS
2024,29200,NS
2024,30110,NS
2024,30140,NS
2024,30170,NS
2024,30200,NS
2024,30230,NS
2024,31110,NS
2024,31140,NS
2024,31170,NS
2024,31200,NS
2024,31710,NS
2024,36110,NS
2024,41110,NS
2024,41130,NS
2024,41150,NS
2024,41170,NS
2024,41190,NS
2024,41210,NS
2024,41220,HH
2024,41250,LH
2024,41270,NS
2024,41280,NS
2024,41290,NS
2024,41310,NS
2024,41360,NS
2024,41370,NS
2024,41390,NS
2024,41410,NS
2024,41430,NS
2024,41450,NS
2024,41460,NS
2024,41480,HH
2024,41500,HH
2024,41550,NS
2024,41570,NS
2024,41590,NS
2024,41610,NS
2024,41630,NS
2024,41650,NS
2024,41670,NS
2024,41800,LH
2024,41820,NS
2024,41830,NS
2024,43110,NS
2024,43130,NS
2024,43150,NS
2024,43720,NS
2024,43730,NS
2024,43740,NS
2024,43745,NS
2024,43750,NS
2024,43760,NS
2024,43770,NS
2024,43800,NS
2024,44130,HH
2024,44150,NS
2024,44180,NS
2024,44200,NS
2024,44210,NS
2024,44230,NS
2024,44250,NS
2024,44270,NS
2024,44710,NS
2024,44760,NS
2024,44770,NS
2024,44790,NS
2024,44800,NS
2024,44810,NS
2024,44825,NS
2024,46110,NS
2024,46130,NS
2024,46150,NS
2024,46170,NS
2024,46230,NS
2024,46710,NS
2024,46720,NS
2024,46730,NS
2024,46770,NS
2024,46780,NS
2024,46790,NS
2024,46800,NS
2024,46810,NS
2024,46820,NS
2024,46830,NS
2024,46840,NS
2024,46860,NS
2024,46870,NS
2024,46880,NS
2024,46890,NS
2024,46900,NS
2024,46910,HH
2024,47110,NS
2024,47130,NS
2024,47150,NS
2024,47170,NS
2024,47190,LL
2024,47210,NS
2024,47230,NS
2024,47250,NS
2024,47280,NS
2024,47290,NS
2024,47730,NS
2024,47750,NS
2024,47760,NS
2024,47770,NS
2024,47820,NS
2024,47830,NS
2024,47840,NS
2024,47850,NS
2024,47900,NS
2024,47920,NS
2024,47930,NS
2024,47940,NS
2024,48110,NS
2024,48170,NS
2024,48220,NS
2024,48240,NS
2024,48250,NS
2024,48270,NS
2024,48310,NS
2024,48330,HL
2024,48720,NS
2024,48730,NS
2024,48740,NS
2024,48820,NS
2024,48840,NS
2024,48850,NS
2024,48860,NS
2024,48870,NS
2024,48880,NS
2024,48890,NS
2024,50110,NS
2024,50130,NS
2024,51110,NS
2024,51130,NS
2024,51150,NS
2024,51170,NS
2024,51190,NS
2024,51210,NS
2024,51230,NS
2024,51720,NS
2024,51730,NS
2024,51750,NS
2024,51760,NS
2024,51770,NS
2024,51780,NS
2024,51790,NS
2024,51800,NS
2024,51810,NS
2024,51820,NS
2024,51830,NS
2024,52110,NS
2024,52130,NS
2024,52140,NS
2024,52180,NS
2024,52190,NS
2024,52210,NS
2024,52710,NS
2024,52720,NS
2024,52730,NS
2024,52740,NS
2024,52750,NS
2024,52770,NS
2024,52790,NS
2024,52800,NS
2025,11110,NS
2025,11140,NS
2025,11170,NS
2025,11200,NS
2025,11215,NS
2025,11230,NS
2025,11260,NS
2025,11290,NS
2025,11305,NS
2025,11320,NS
2025,11350,NS
2025,11380,NS
2025,11410,LL
2025,11440,LL
2025,11470,LL
2025,11500,LL
2025,11530,NS
2025,11545,NS
2025,11560,LL
2025,11590,NS
2025,11620,LL
2025,11650,HL
2025,11680,NS
2025,11710,NS
2025,11740,NS
2025,26110,NS
2025,26140,NS
2025,26170,NS
2025,26200,NS
2025,26230,HL
2025,26260,NS
2025,26290,NS
2025,26320,NS
2025,26350,NS
2025,26380,NS
2025,26410,NS
2025,26440,HL
2025,26470,NS
2025,26500,NS
2025,26530,NS
2025,26710,NS
2025,27110,NS
2025,27140,NS
2025,27170,NS
2025,27200,NS
2025,27230,NS
2025,27260,NS
2025,27290,NS
2025,27710,NS
2025,27720,NS
2025,28110,NS
2025,28140,LH
2025,28177,NS
2025,28185,NS
2025,28200,NS
2025,28237,NS
2025,28245,NS
2025,28260,NS
2025,28710,NS
2025,28720,NS
2025,29110,NS
2025,29140,NS
2025,29155,NS
2025,29170,NS
2025,29200,NS
2025,30110,NS
2025,30140,NS
2025,30170,NS
2025,30200,NS
2025,30230,NS
2025,31110,NS
2025,31140,NS
2025,31170,NS
2025,31200,NS
2025,31710,NS
2025,36110,NS
2025,41110,NS
2025,41130,NS
2025,41150,NS
2025,41170,NS
2025,41190,NS
2025,41210,NS
2025,41220,NS
2025,41250,HH
2025,41270,NS
2025,41280,NS
2025,41290,NS
2025,41310,NS
2025,41360,NS
2025,41370,NS
2025,41390,NS
2025,41410,NS
2025,41430,HL
2025,41450,NS
2025,41460,NS
2025,41480,NS
2025,41500,NS
2025,41550,NS
2025,41570,NS
2025,41590,NS
2025,41610,NS
2025,41630,NS
2025,41650,NS
2025,41670,NS
2025,41800,NS
2025,41820,NS
2025,41830,NS
2025,43110,NS
2025,43130,HH
2025,43150,NS
2025,43720,HH
2025,43730,NS
2025,43740,NS
2025,43745,LH
2025,43750,NS
2025,43760,NS
2025,43770,NS
2025,43800,NS
2025,44130,NS
2025,44150,NS
2025,44180,NS
2025,44200,NS
2025,44210,NS
2025,44230,NS
2025,44250,NS
2025,44270,NS
2025,44710,NS
2025,44760,NS
2025,44770,NS
2025,44790,NS
2025,44800,NS
2025,44810,NS
2025,44825,NS
2025,46110,NS
2025,46130,NS
2025,46150,NS
2025,46170,NS
2025,46230,NS
2025,46710,LH
2025,46720,NS
2025,46730,NS
2025,46770,NS
2025,46780,NS
2025,46790,NS
2025,46800,NS
2025,46810,NS
2025,46820,NS
2025,46830,NS
2025,46840,NS
2025,46860,LH
2025,46870,NS
2025,46880,NS
2025,46890,NS
2025,46900,NS
2025,46910,NS
2025,47110,NS
2025,47130,NS
2025,47150,NS
2025,47170,NS
2025,47190,NS
2025,47210,NS
2025,47230,NS
2025,47250,NS
2025,47280,NS
2025,47290,NS
2025,47730,NS
2025,47750,NS
2025,47760,NS
2025,47770,NS
2025,47820,NS
2025,47830,NS
2025,47840,NS
2025,47850,NS
2025,47900,NS
2025,47920,NS
2025,47930,NS
2025,47940,NS
2025,48110,NS
2025,48170,NS
2025,48220,NS
2025,48240,NS
2025,48250,NS
2025,48270,NS
2025,48310,NS
2025,48330,NS
2025,48720,NS
2025,48730,NS
2025,48740,NS
2025,48820,NS
2025,48840,NS
2025,48850,NS
2025,48860,NS
2025,48870,NS
2025,48880,NS
2025,48890,NS
2025,50110,NS
2025,50130,NS
2025,51110,NS
2025,51130,NS
2025,51150,NS
2025,51170,NS
2025,51190,NS
2025,51210,NS
2025,51230,NS
2025,51720,NS
2025,51730,NS
2025,51750,NS
2025,51760,NS
2025,51770,NS
2025,51780,NS
2025,51790,NS
2025,51800,LL
2025,51810,NS
2025,51820,HL
2025,51830,NS
2025,52110,NS
2025,52130,NS
2025,52140,NS
2025,52180,HH
2025,52190,LH
2025,52210,NS
2025,52710,NS
2025,52720,NS
2025,52730,NS
2025,52740,NS
2025,52750,LH
2025,52770,NS
2025,52790,NS
2025,52800,NS
